,both_word,rel_freq,rel_doc_freq,irr_freq,irr_doc_freq
0,emissions,375,62,6876,66
1,energy,288,57,6516,65
2,renewable,203,53,1920,65
3,scope,192,46,3443,66
4,carbon,180,47,2898,65
5,electricity,153,47,1343,65
6,solar,107,28,656,54
7,reduction,101,45,1515,65
8,million,95,31,2632,64
9,mw,92,19,147,54
10,reduce,88,47,1949,66
11,ghg,87,36,2218,63
12,percent,87,20,1363,61
13,year,85,41,3057,66
14,metric,76,28,1438,65
15,projects,75,30,1452,63
16,power,74,34,1321,65
17,tons,69,28,1112,58
18,gas,68,22,1714,66
19,wind,68,18,309,53
20,use,64,44,3702,66
21,fuel,63,25,979,65
22,total,59,37,3039,65
23,goal,55,32,1897,66
24,efficiency,54,27,1167,62
25,new,53,57,4091,66
26,operations,51,29,3185,66
27,reduced,50,30,457,60
28,net,49,30,1084,65
29,across,46,22,2955,65
30,per,45,55,1253,66
31,company,45,13,5156,66
32,fiscal,44,7,748,39
33,zero,42,26,1208,63
34,reducing,42,18,985,64
35,capacity,42,15,483,58
36,project,41,35,928,66
37,absolute,41,28,310,50
38,purchased,40,25,549,59
39,facilities,40,21,1386,64
40,compared,40,21,445,56
41,baseline,39,30,625,58
42,approximately,38,18,679,60
43,target,37,30,1557,66
44,consumption,35,24,1044,64
45,achieve,34,33,1125,65
46,generation,33,13,710,64
47,natural,32,7,1028,64
48,including,31,21,3951,66
49,achieved,31,21,504,61
50,chain,30,19,3344,64
51,sites,30,14,1528,59
52,purchase,28,36,335,64
53,increase,28,29,1308,66
54,also,28,21,4252,66
55,intensity,28,17,721,57
56,mwh,28,11,289,34
57,system,27,20,1556,65
58,sources,26,21,741,66
59,greenhouse,26,15,845,64
60,production,26,11,1165,59
61,hydrogen,26,10,459,23
62,due,25,18,1127,64
63,equivalent,25,17,320,57
64,products,25,12,5228,64
65,business,24,16,6514,66
66,generated,24,16,470,62
67,global,23,23,6173,66
68,annual,23,21,1668,65
69,direct,23,20,976,66
70,fleet,23,15,377,47
71,value,23,14,2008,66
72,europe,23,14,583,53
73,aim,23,10,671,65
74,storage,23,10,415,48
75,climate,22,19,4277,66
76,decreased,22,16,109,37
77,portfolio,22,15,778,55
78,savings,22,12,344,53
79,offsets,22,8,104,28
80,one,21,33,1743,66
81,targets,21,15,1472,63
82,installed,21,15,118,43
83,since,21,12,1094,64
84,mt,21,11,395,46
85,credits,21,9,111,32
86,added,21,4,216,51
87,nuclear,21,4,125,15
88,us,20,57,2211,66
89,site,20,26,1024,65
90,green,20,24,667,66
91,support,20,16,3727,66
92,manufacturing,20,13,1683,55
93,annually,20,11,485,59
94,avoided,20,11,130,30
95,plan,19,30,1131,66
96,two,19,17,883,65
97,customers,19,14,2840,63
98,nearly,19,14,449,57
99,first,19,13,1194,63
100,facility,19,13,488,58
101,footprint,19,10,962,62
102,oil,19,8,667,59
103,operated,19,4,220,45
104,set,18,27,1016,66
105,help,18,21,2990,65
106,offset,18,16,89,42
107,agreements,18,13,253,51
108,includes,18,12,1578,65
109,building,18,12,1226,65
110,levels,18,12,600,62
111,usage,18,12,355,49
112,using,18,10,1388,65
113,technologies,18,8,1179,61
114,amazon,18,3,622,19
115,totalenergies,18,1,279,2
116,electric,17,51,523,65
117,reach,17,14,496,64
118,increased,17,13,844,64
119,travel,17,13,538,59
120,solutions,17,12,1935,64
121,lower,17,12,386,65
122,progress,17,11,2965,66
123,investments,17,11,692,61
124,reductions,17,9,319,57
125,capture,17,8,189,55
126,tonnes,17,7,344,16
127,base,16,46,376,66
128,end,16,26,871,66
129,waste,16,14,3473,62
130,overall,16,11,662,64
131,renewables,16,9,210,34
132,addition,15,15,1131,66
133,air,15,14,962,66
134,plant,15,14,386,59
135,goals,15,12,2209,66
136,announced,15,12,355,53
137,supply,15,11,3665,64
138,technology,15,11,1720,63
139,largest,15,11,391,61
140,initiatives,15,10,1167,64
141,united,15,9,1025,64
142,dioxide,15,8,152,38
143,gw,15,7,74,28
144,based,14,29,1762,66
145,part,14,27,1595,66
146,decrease,14,19,192,58
147,used,14,16,1772,66
148,impact,14,11,4312,66
149,toward,14,11,755,66
150,activities,14,10,1209,63
151,operational,14,9,1040,64
152,around,14,8,1474,64
153,european,14,8,280,45
154,panels,14,8,75,36
155,include,13,19,1710,65
156,improve,13,19,1403,64
157,three,13,12,750,64
158,produce,13,12,293,60
159,almost,13,12,138,43
160,efforts,13,11,1919,66
161,management,13,10,5621,66
162,vehicles,13,10,400,49
163,committed,13,9,1385,64
164,resulting,13,9,231,57
165,lighting,13,9,103,43
166,plants,13,7,265,46
167,stores,13,6,563,24
168,coal,13,5,186,53
169,methane,13,4,310,23
170,campus,13,3,92,26
171,led,12,27,417,66
172,data,12,12,5439,65
173,continued,12,12,1195,64
174,develop,12,12,1053,66
175,transition,12,12,913,64
176,key,12,10,1890,66
177,hours,12,10,681,61
178,working,12,9,1741,65
179,clean,12,8,716,62
180,fuels,12,8,380,55
181,versus,12,8,149,33
182,array,12,8,45,27
183,strategy,12,7,2450,66
184,together,12,7,777,61
185,removal,12,7,146,28
186,kwh,12,6,76,20
187,sales,12,5,734,54
188,offshore,12,4,89,9
189,linde,12,1,1078,9
190,product,11,22,2984,65
191,agreement,11,20,300,64
192,made,11,11,1157,65
193,well,11,10,1689,65
194,improving,11,10,590,60
195,north,11,10,517,60
196,suppliers,11,9,3463,65
197,estimated,11,9,364,59
198,corporate,11,8,3213,64
199,billion,11,8,726,60
200,canada,11,8,540,48
201,completed,11,8,455,61
202,uk,11,6,239,43
203,delta,11,1,321,13
204,result,10,20,564,66
205,provide,10,15,1984,65
206,improvement,10,14,590,62
207,commitment,10,10,1934,65
208,grid,10,10,418,53
209,improvements,10,10,387,58
210,globally,10,9,899,60
211,growth,10,9,886,63
212,expected,10,9,302,57
213,years,10,8,1605,65
214,additional,10,8,1174,66
215,states,10,8,699,62
216,worldwide,10,8,499,54
217,conservation,10,8,322,54
218,purchases,10,8,122,38
219,sourcing,10,7,1331,58
220,several,10,7,660,65
221,sourced,10,7,293,48
222,buildings,10,7,240,41
223,neutrality,10,7,117,22
224,retired,10,6,47,20
225,flaring,10,4,66,5
226,emission,9,62,447,66
227,time,9,16,1352,66
228,neutral,9,13,123,39
229,change,9,11,2486,66
230,control,9,10,596,65
231,amount,9,10,396,61
232,environmental,9,9,4675,66
233,five,9,9,416,59
234,combined,9,9,303,53
235,recs,9,9,61,18
236,xe,9,9,4,65
237,opportunities,9,8,2234,65
238,less,9,8,555,64
239,owned,9,7,325,64
240,offices,9,7,282,49
241,represents,9,7,252,56
242,purchasing,9,7,158,40
243,remaining,9,7,118,42
244,enough,9,7,77,37
245,needs,9,6,981,62
246,helped,9,6,376,56
247,scopes,9,6,92,32
248,conventional,9,6,62,26
249,france,9,3,153,35
250,saf,9,3,139,65
251,contracted,9,3,137,24
252,bp,9,1,420,27
253,generate,8,21,166,64
254,continue,8,19,1685,65
255,avoid,8,19,186,54
256,drive,8,17,952,66
257,deliver,8,15,665,64
258,focus,8,14,1657,65
259,significant,8,13,1117,64
260,estimate,8,13,192,64
261,service,8,12,791,64
262,date,8,12,323,64
263,forest,8,12,316,49
264,installation,8,12,53,43
265,farm,8,10,153,41
266,save,8,9,173,53
267,utility,8,9,145,37
268,indirect,8,8,448,60
269,procurement,8,8,375,54
270,path,8,8,264,63
271,megawatts,8,8,75,15
272,ppas,8,8,46,17
273,focused,8,7,816,63
274,example,8,7,750,60
275,expanded,8,7,522,59
276,ambition,8,7,359,43
277,offering,8,7,232,59
278,contracts,8,7,142,43
279,installations,8,7,59,28
280,certificates,8,7,52,27
281,development,8,6,3461,65
282,employee,8,6,2593,63
283,systems,8,6,1170,63
284,pandemic,8,6,919,60
285,markets,8,6,865,60
286,times,8,6,263,57
287,alternative,8,6,259,59
288,driven,8,6,238,56
289,previous,8,6,221,59
290,spain,8,6,85,29
291,atmosphere,8,6,59,28
292,associated,8,5,661,63
293,basis,8,5,450,59
294,least,8,5,442,58
295,existing,8,5,406,57
296,entire,8,5,233,60
297,weight,8,5,196,46
298,charging,8,5,157,35
299,rooftop,8,5,39,15
300,equipment,8,4,584,61
301,gallons,8,4,255,40
302,generating,8,4,191,37
303,diesel,8,4,183,42
304,homes,8,4,139,37
305,gwh,8,3,19,6
306,industrial,8,2,383,51
307,divestments,8,2,21,5
308,apple,8,1,500,13
309,aep,8,1,429,2
310,tjx,8,1,279,1
311,source,7,31,698,66
312,low,7,29,261,66
313,market,7,18,761,66
314,saving,7,14,92,59
315,process,7,12,1965,65
316,vehicle,7,11,402,60
317,design,7,10,1054,66
318,program,7,9,4090,66
319,partners,7,9,1448,64
320,transport,7,8,217,65
321,sustainability,7,7,6984,66
322,sustainable,7,7,3595,65
323,address,7,7,1079,65
324,operating,7,7,831,63
325,launched,7,7,739,61
326,distribution,7,7,718,56
327,india,7,7,448,56
328,began,7,7,290,58
329,decade,7,7,140,57
330,installing,7,7,62,31
331,water,7,6,5362,65
332,make,7,6,1514,65
333,within,7,6,1416,65
334,included,7,6,1045,62
335,meet,7,6,926,65
336,cycle,7,6,342,64
337,revenue,7,6,328,61
338,delivery,7,6,328,53
339,resulted,7,6,174,48
340,heat,7,6,155,55
341,ground,7,6,126,60
342,countries,7,5,1051,58
343,transportation,7,5,537,62
344,south,7,5,284,54
345,forests,7,5,225,36
346,farms,7,5,125,23
347,kilowatt,7,5,15,15
348,developing,7,4,710,62
349,africa,7,4,459,56
350,invested,7,4,245,50
351,onsite,7,4,161,34
352,resources,7,3,1807,65
353,microsoft,7,3,407,16
354,refinery,7,3,82,8
355,shell,7,2,581,11
356,aircraft,7,2,177,17
357,nike,7,1,834,1
358,cisco,7,1,560,17
359,datacenters,7,1,66,1
360,line,6,40,448,66
361,ton,6,39,92,66
362,met,6,37,162,66
363,port,6,36,29,66
364,invest,6,22,339,66
365,unit,6,20,367,66
366,represent,6,17,280,65
367,build,6,16,962,65
368,initiative,6,15,989,65
369,need,6,14,909,65
370,world,6,13,2548,65
371,related,6,12,1356,66
372,investment,6,12,687,65
373,store,6,11,347,54
374,center,6,10,683,61
375,operate,6,8,697,65
376,office,6,8,357,63
377,signed,6,8,131,65
378,dow,6,7,1534,64
379,demand,6,7,469,63
380,virtual,6,7,439,57
381,materials,6,6,1944,61
382,services,6,6,1610,64
383,planet,6,6,776,50
384,next,6,6,545,62
385,centers,6,6,537,55
386,four,6,6,498,62
387,third,6,6,445,63
388,produced,6,6,293,50
389,paris,6,6,167,51
390,park,6,6,94,45
391,powered,6,6,88,53
392,partnership,6,5,779,61
393,average,6,5,596,61
394,like,6,5,585,65
395,achieving,6,5,513,63
396,units,6,5,482,51
397,would,6,5,473,61
398,currently,6,5,419,59
399,major,6,5,397,64
400,improved,6,5,389,57
401,implemented,6,5,378,59
402,past,6,5,344,60
403,upstream,6,5,336,47
404,along,6,5,295,63
405,space,6,5,267,51
406,already,6,5,242,53
407,decarbonization,6,5,229,34
408,steam,6,5,214,39
409,primarily,6,5,186,50
410,mix,6,5,172,50
411,covering,6,5,155,46
412,reporting,6,4,3041,66
413,plans,6,4,874,64
414,changes,6,4,685,64
415,locations,6,4,510,59
416,spend,6,4,422,61
417,aims,6,4,356,60
418,step,6,4,226,64
419,american,6,3,1001,60
420,delivered,6,3,207,52
421,reduces,6,3,119,42
422,later,6,3,64,40
423,ccs,6,3,43,11
424,pipeline,6,2,275,47
425,duke,6,2,275,8
426,deforestation,6,2,213,28
427,sooner,6,2,21,8
428,johnson,6,1,1103,11
429,near,5,18,124,61
430,work,5,17,3842,66
431,state,5,16,422,65
432,early,5,15,364,62
433,cover,5,15,199,64
434,expect,5,14,338,63
435,effort,5,14,298,66
436,hydro,5,14,41,45
437,science,5,11,861,63
438,partner,5,11,655,64
439,way,5,9,770,66
440,full,5,9,551,65
441,cost,5,9,410,65
442,material,5,8,1532,65
443,standard,5,8,966,65
444,area,5,8,467,64
445,prior,5,8,306,65
446,setting,5,8,284,60
447,public,5,7,1082,66
448,enable,5,7,636,62
449,maintain,5,7,500,62
450,providing,5,6,890,63
451,track,5,6,497,63
452,pilot,5,6,244,54
453,cooling,5,6,222,52
454,significantly,5,6,214,53
455,provides,5,5,960,63
456,following,5,5,861,65
457,provided,5,5,843,60
458,percentage,5,5,792,60
459,identified,5,5,675,64
460,network,5,5,661,62
461,ongoing,5,5,538,60
462,directly,5,5,479,64
463,online,5,5,474,61
464,others,5,5,425,60
465,implementation,5,5,401,57
466,without,5,5,396,62
467,advanced,5,5,364,48
468,logistics,5,5,358,44
469,continuing,5,5,348,57
470,become,5,5,316,60
471,powering,5,5,276,46
472,another,5,5,261,56
473,built,5,5,254,58
474,half,5,5,182,55
475,engine,5,5,114,57
476,utilization,5,5,60,33
477,saved,5,5,57,28
478,dollar,5,5,54,48
479,vppa,5,5,21,10
480,approach,5,4,3166,66
481,packaging,5,4,1720,45
482,research,5,4,989,61
483,helps,5,4,555,59
484,updated,5,4,376,60
485,construction,5,4,366,49
486,china,5,4,357,42
487,period,5,4,354,61
488,expanding,5,4,347,59
489,type,5,4,310,58
490,much,5,4,210,52
491,march,5,4,195,50
492,netherlands,5,4,125,28
493,acres,5,4,120,23
494,july,5,4,112,44
495,decline,5,4,64,32
496,bond,5,4,34,27
497,sequestration,5,4,34,15
498,capital,5,3,665,63
499,established,5,3,602,63
500,engaging,5,3,579,60
501,heating,5,3,125,35
502,singapore,5,3,106,26
503,gross,5,3,105,32
504,batteries,5,3,92,25
505,aiming,5,3,70,32
506,targeting,5,3,57,33
507,reforestation,5,3,29,21
508,avoidance,5,3,22,14
509,cloud,5,2,234,29
510,restoration,5,2,120,35
511,preventing,5,2,92,39
512,flight,5,1,116,14
513,jet,5,1,79,19
514,campuses,5,1,48,12
515,ev,4,51,120,66
516,operation,4,36,215,66
517,cat,4,24,49,66
518,add,4,20,123,66
519,land,4,17,377,65
520,large,4,17,296,63
521,term,4,14,279,66
522,expand,4,13,468,64
523,even,4,12,392,65
524,procure,4,12,37,56
525,megawatt,4,12,15,21
526,environment,4,11,2562,66
527,account,4,10,254,64
528,life,4,8,1015,63
529,efficient,4,8,356,60
530,current,4,7,636,65
531,increasing,4,7,537,63
532,east,4,7,256,62
533,move,4,7,174,60
534,ups,4,7,37,64
535,portion,4,6,164,56
536,moving,4,6,147,56
537,road,4,6,132,64
538,industry,4,5,1804,65
539,share,4,5,742,64
540,leading,4,5,661,65
541,resource,4,5,589,65
542,small,4,5,443,57
543,limited,4,5,392,57
544,second,4,5,257,56
545,processing,4,5,240,49
546,fossil,4,5,137,36
547,alone,4,5,104,42
548,performance,4,4,3201,66
549,standards,4,4,1973,64
550,areas,4,4,1491,63
551,results,4,4,1060,63
552,important,4,4,911,64
553,factors,4,4,781,63
554,designed,4,4,712,64
555,enterprise,4,4,643,61
556,costs,4,4,538,59
557,needed,4,4,495,60
558,goods,4,4,437,56
559,devices,4,4,414,32
560,investing,4,4,410,58
561,journey,4,4,396,58
562,fully,4,4,310,64
563,six,4,4,229,58
564,price,4,4,219,47
565,ambitious,4,4,197,42
566,representing,4,4,179,50
567,australia,4,4,178,38
568,successful,4,4,174,61
569,took,4,4,149,49
570,eliminating,4,4,138,44
571,enabled,4,4,136,47
572,producing,4,4,118,35
573,accounts,4,4,105,41
574,plus,4,4,75,42
575,respectively,4,4,63,28
576,emitted,4,4,44,20
577,variable,4,4,38,27
578,fleets,4,4,31,18
579,arrays,4,4,18,9
580,gigawatts,4,4,11,6
581,number,4,3,1518,64
582,collaboration,4,3,657,60
583,infrastructure,4,3,595,64
584,planning,4,3,477,63
585,consumed,4,3,301,48
586,steel,4,3,300,27
587,globe,4,3,231,50
588,january,4,3,218,52
589,union,4,3,204,45
590,mexico,4,3,200,41
591,pricing,4,3,193,29
592,trees,4,3,171,36
593,sell,4,3,152,55
594,frequency,4,3,149,41
595,remove,4,3,118,48
596,stations,4,3,116,36
597,came,4,3,78,56
598,cells,4,3,70,19
599,typical,4,3,62,52
600,belgium,4,3,58,18
601,chiller,4,3,7,10
602,potential,4,2,1582,66
603,could,4,2,666,64
604,assets,4,2,437,55
605,decisions,4,2,372,57
606,availability,4,2,269,54
607,acquired,4,2,187,39
608,april,4,2,152,43
609,lifecycle,4,2,151,38
610,cleaner,4,2,121,35
611,package,4,2,116,45
612,virginia,4,2,116,14
613,ireland,4,2,81,22
614,refining,4,2,71,25
615,airline,4,2,53,13
616,kt,4,2,37,32
617,stored,4,2,36,31
618,refrigeration,4,2,28,11
619,teesside,4,2,10,2
620,category,4,1,709,54
621,oracle,4,1,581,2
622,mastercard,4,1,290,1
623,inventory,4,1,221,40
624,accenture,4,1,215,8
625,negative,4,1,185,43
626,petroleum,4,1,62,19
627,silicon,4,1,48,14
628,valley,4,1,42,17
629,embodied,4,1,38,10
630,lilly,4,1,22,2
631,egse,4,1,6,1
632,kinsale,4,1,5,1
633,sers,4,1,4,45
634,enbw,4,1,2,1
635,de,3,55,221,66
636,city,3,52,165,65
637,ten,3,30,63,66
638,mm,3,28,31,66
639,ever,3,18,122,66
640,level,3,17,923,64
641,customer,3,17,901,65
642,live,3,17,411,65
643,implement,3,15,379,65
644,usa,3,15,147,62
645,round,3,13,21,66
646,high,3,12,877,65
647,cut,3,10,59,65
648,cement,3,10,22,59
649,kw,3,10,2,33
650,team,3,9,2105,66
651,allow,3,8,254,65
652,america,3,7,788,64
653,intend,3,7,97,59
654,mode,3,7,43,64
655,ems,3,7,27,64
656,scale,3,6,501,65
657,country,3,6,439,60
658,benefit,3,6,379,64
659,located,3,6,147,50
660,quality,3,5,1593,64
661,home,3,5,1003,58
662,require,3,5,367,66
663,real,3,5,263,63
664,order,3,5,261,56
665,asset,3,5,143,61
666,convert,3,5,55,51
667,load,3,5,54,54
668,vs,3,5,44,41
669,best,3,4,1171,63
670,actions,3,4,906,64
671,commitments,3,4,630,56
672,model,3,4,629,62
673,specific,3,4,592,63
674,driving,3,4,481,57
675,growing,3,4,393,58
676,higher,3,4,336,60
677,field,3,4,246,57
678,thousand,3,4,157,56
679,longer,3,4,137,49
680,square,3,4,105,38
681,charge,3,4,88,56
682,seen,3,4,81,46
683,truck,3,4,78,44
684,roughly,3,4,34,25
685,lease,3,4,25,64
686,programs,3,3,2269,63
687,local,3,3,1731,62
688,economic,3,3,1330,63
689,processes,3,3,1223,63
690,available,3,3,1183,65
691,inclusive,3,3,1046,59
692,benefits,3,3,925,63
693,opportunity,3,3,907,64
694,reported,3,3,907,60
695,throughout,3,3,896,65
696,supporting,3,3,838,63
697,economy,3,3,693,57
698,required,3,3,647,63
699,consumers,3,3,641,44
700,developed,3,3,638,60
701,innovative,3,3,613,63
702,government,3,3,594,65
703,supported,3,3,556,61
704,fund,3,3,541,63
705,certified,3,3,519,58
706,measures,3,3,484,58
707,accounting,3,3,475,57
708,criteria,3,3,466,56
709,december,3,3,455,54
710,forward,3,3,422,65
711,multiple,3,3,419,62
712,conditions,3,3,406,62
713,primary,3,3,399,58
714,sold,3,3,377,53
715,recovery,3,3,324,53
716,actively,3,3,322,60
717,allows,3,3,312,58
718,aviation,3,3,293,23
719,implementing,3,3,284,56
720,weather,3,3,268,50
721,battery,3,3,210,30
722,particularly,3,3,204,50
723,terms,3,3,199,54
724,verified,3,3,180,44
725,increasingly,3,3,160,48
726,issued,3,3,160,37
727,headquarters,3,3,157,49
728,drives,3,3,154,54
729,consecutive,3,3,154,40
730,comes,3,3,149,58
731,measured,3,3,144,44
732,geographic,3,3,142,44
733,germany,3,3,142,30
734,rely,3,3,139,62
735,linked,3,3,136,51
736,represented,3,3,133,55
737,features,3,3,130,38
738,combination,3,3,129,45
739,september,3,3,126,45
740,planned,3,3,125,44
741,hybrid,3,3,107,34
742,permanent,3,3,100,27
743,adding,3,3,96,44
744,switch,3,3,93,34
745,utilizing,3,3,89,39
746,saw,3,3,89,35
747,efficiencies,3,3,88,43
748,designs,3,3,83,34
749,removing,3,3,79,35
750,deploying,3,3,68,31
751,eliminated,3,3,67,30
752,scheduled,3,3,59,32
753,residual,3,3,56,27
754,mainly,3,3,56,17
755,upgrading,3,3,52,33
756,pv,3,3,50,22
757,replaced,3,3,45,27
758,generates,3,3,44,27
759,largely,3,3,42,28
760,transitioned,3,3,40,26
761,completely,3,3,40,18
762,refrigerants,3,3,40,17
763,modernization,3,3,39,17
764,allocated,3,3,38,19
765,lowering,3,3,37,27
766,commercially,3,3,36,22
767,expects,3,3,36,21
768,interim,3,3,35,20
769,oklahoma,3,3,32,6
770,attributed,3,3,28,19
771,photovoltaic,3,3,19,12
772,secured,3,3,17,11
773,equates,3,3,15,11
774,pumps,3,3,13,10
775,divestment,3,3,13,6
776,beijing,3,3,9,6
777,people,3,2,4199,64
778,giving,3,2,681,57
779,scenario,3,2,441,55
780,communications,3,2,372,54
781,taking,3,2,368,65
782,controls,3,2,315,54
783,downstream,3,2,260,44
784,parties,3,2,255,54
785,covered,3,2,252,55
786,starting,3,2,249,53
787,usd,3,2,207,26
788,cubic,3,2,206,30
789,june,3,2,187,45
790,majority,3,2,186,49
791,mining,3,2,183,47
792,pounds,3,2,169,45
793,october,3,2,145,46
794,shipping,3,2,143,36
795,excluding,3,2,142,33
796,volumes,3,2,140,33
797,carolina,3,2,125,23
798,transitioning,3,2,121,35
799,trucks,3,2,115,33
800,seeks,3,2,104,43
801,nox,3,2,101,27
802,release,3,2,95,56
803,regulated,3,2,94,24
804,mass,3,2,91,54
805,sweden,3,2,87,17
806,nigeria,3,2,81,13
807,declined,3,2,79,18
808,sox,3,2,78,23
809,optimization,3,2,75,35
810,hectares,3,2,67,17
811,engines,3,2,66,21
812,securing,3,2,60,27
813,accounted,3,2,60,26
814,feet,3,2,60,24
815,hvac,3,2,55,24
816,voc,3,2,52,62
817,underground,3,2,47,14
818,thermal,3,2,46,30
819,avoiding,3,2,41,24
820,burn,3,2,32,33
821,coast,3,2,29,26
822,modifications,3,2,29,17
823,twh,3,2,29,6
824,renewal,3,2,20,12
825,leak,3,2,17,24
826,geothermal,3,2,17,14
827,pipe,3,2,14,47
828,society,3,1,628,59
829,ecolab,3,1,569,5
830,tesla,3,1,461,2
831,starbucks,3,1,450,2
832,nucor,3,1,325,2
833,dominion,3,1,173,1
834,roadmap,3,1,160,40
835,americas,3,1,147,22
836,temporary,3,1,131,42
837,consolidated,3,1,126,42
838,achievement,3,1,109,50
839,kingdom,3,1,99,29
840,county,3,1,64,27
841,concrete,3,1,61,22
842,fulfillment,3,1,52,13
843,datacenter,3,1,43,2
844,went,3,1,39,35
845,locomotives,3,1,30,4
846,linkedin,3,1,27,17
847,timber,3,1,26,15
848,efﬁ,3,1,19,2
849,studying,3,1,16,11
850,arlington,3,1,12,3
851,libs,3,1,10,1
852,modernized,3,1,9,5
853,asm,3,1,8,16
854,afforestation,3,1,6,7
855,aerodynamic,3,1,5,4
856,winglets,3,1,1,1
857,gy,2,58,7,66
858,la,2,56,48,66
859,go,2,38,228,66
860,rate,2,36,814,66
861,ciency,2,29,14,63
862,late,2,23,82,66
863,sign,2,23,45,66
864,install,2,22,46,54
865,approximate,2,20,25,61
866,acc,2,19,24,66
867,fort,2,17,29,66
868,cure,2,15,22,62
869,light,2,14,105,64
870,solution,2,13,250,64
871,manage,2,11,651,66
872,far,2,11,96,56
873,foot,2,11,21,62
874,iron,2,11,16,66
875,cient,2,11,4,66
876,star,2,10,104,64
877,see,2,9,1777,66
878,panel,2,9,127,55
879,credit,2,9,93,52
880,free,2,8,387,62
881,native,2,8,244,65
882,eight,2,8,154,56
883,lead,2,7,483,65
884,nature,2,7,463,61
885,start,2,7,150,63
886,plane,2,7,2,50
887,action,2,6,1402,65
888,advance,2,6,657,65
889,cell,2,6,106,58
890,cool,2,6,31,53
891,retire,2,6,31,47
892,roof,2,6,27,34
893,region,2,5,480,62
894,via,2,5,317,61
895,structure,2,5,281,65
896,west,2,5,103,55
897,tree,2,5,65,48
898,risk,2,4,3031,65
899,day,2,4,567,65
900,contribute,2,4,361,61
901,seek,2,4,352,60
902,active,2,4,331,65
903,eliminate,2,4,263,57
904,phase,2,4,257,50
905,shift,2,4,157,59
906,match,2,4,114,55
907,utilize,2,4,107,57
908,replacement,2,4,77,34
909,ending,2,4,42,61
910,grams,2,4,24,64
911,lights,2,4,23,59
912,turbine,2,4,23,23
913,signs,2,4,19,42
914,sequester,2,4,12,16
915,every,2,3,1019,63
916,food,2,3,968,55
917,national,2,3,778,65
918,core,2,3,776,63
919,strong,2,3,562,63
920,pacific,2,3,318,45
921,case,2,3,311,61
922,actual,2,3,293,60
923,nations,2,3,290,60
924,similar,2,3,239,60
925,eligible,2,3,233,47
926,joint,2,3,213,51
927,balance,2,3,195,54
928,component,2,3,163,56
929,connected,2,3,162,50
930,indonesia,2,3,143,28
931,sbti,2,3,140,29
932,connection,2,3,116,54
933,relative,2,3,116,43
934,founded,2,3,69,31
935,yield,2,3,62,34
936,supplied,2,3,55,29
937,evolution,2,3,50,43
938,upgrade,2,3,42,37
939,fixed,2,3,22,21
940,franchise,2,3,21,23
941,generator,2,3,20,26
942,pall,2,3,13,29
943,abate,2,3,3,12
944,health,2,2,5723,64
945,communities,2,2,3518,64
946,practices,2,2,2000,63
947,policy,2,2,1766,66
948,diverse,2,2,1449,62
949,companies,2,2,1429,65
950,create,2,2,1313,64
951,better,2,2,1204,65
952,internal,2,2,1166,64
953,response,2,2,1123,59
954,identify,2,2,1060,65
955,strategic,2,2,855,64
956,positive,2,2,788,64
957,understand,2,2,742,64
958,priority,2,2,700,60
959,among,2,2,643,62
960,strategies,2,2,561,62
961,certain,2,2,521,62
962,tower,2,2,508,29
963,defined,2,2,501,58
964,methodology,2,2,492,53
965,possible,2,2,486,61
966,highest,2,2,461,57
967,greater,2,2,436,63
968,continuous,2,2,405,62
969,protecting,2,2,391,55
970,regions,2,2,390,58
971,individual,2,2,386,61
972,additionally,2,2,365,57
973,options,2,2,364,56
974,meaningful,2,2,340,58
975,continues,2,2,335,58
976,millions,2,2,335,49
977,meeting,2,2,325,61
978,enabling,2,2,325,52
979,variety,2,2,298,58
980,mitigation,2,2,297,57
981,proud,2,2,293,52
982,delivering,2,2,287,58
983,landfill,2,2,284,51
984,cases,2,2,271,51
985,maintaining,2,2,265,57
986,applications,2,2,261,45
987,copper,2,2,255,11
988,approved,2,2,252,55
989,providers,2,2,251,48
990,boundary,2,2,250,30
991,behavior,2,2,249,55
992,brazil,2,2,248,41
993,however,2,2,237,51
994,california,2,2,236,41
995,complex,2,2,233,58
996,leverage,2,2,232,60
997,methods,2,2,231,52
998,focusing,2,2,231,52
999,private,2,2,229,51
1000,thousands,2,2,220,49
1001,software,2,2,217,44
1002,towards,2,2,216,45
1003,contributing,2,2,209,58
1004,surface,2,2,209,37
1005,targeted,2,2,208,53
1006,productivity,2,2,208,41
1007,gold,2,2,202,43
1008,described,2,2,198,49
1009,remote,2,2,194,49
1010,bringing,2,2,193,54
1011,beginning,2,2,193,53
1012,accelerating,2,2,186,42
1013,maintenance,2,2,181,48
1014,effects,2,2,180,51
1015,incorporate,2,2,175,59
1016,points,2,2,172,50
1017,intended,2,2,170,50
1018,recommendations,2,2,170,47
1019,stock,2,2,165,57
1020,record,2,2,160,53
1021,gases,2,2,158,29
1022,machine,2,2,157,44
1023,texas,2,2,156,37
1024,contributed,2,2,153,48
1025,accurate,2,2,143,45
1026,started,2,2,141,46
1027,scientists,2,2,136,34
1028,deployment,2,2,135,38
1029,drivers,2,2,135,37
1030,repair,2,2,134,33
1031,size,2,2,131,60
1032,lng,2,2,130,11
1033,increases,2,2,129,46
1034,completion,2,2,124,41
1035,restore,2,2,124,38
1036,gj,2,2,122,22
1037,single,2,2,121,52
1038,takes,2,2,120,49
1039,reaching,2,2,113,37
1040,called,2,2,112,50
1041,rather,2,2,108,43
1042,brings,2,2,107,41
1043,nine,2,2,102,45
1044,habitat,2,2,102,38
1045,foods,2,2,99,17
1046,comparable,2,2,96,34
1047,coming,2,2,90,55
1048,geographies,2,2,90,23
1049,sound,2,2,89,33
1050,malaysia,2,2,85,21
1051,mills,2,2,85,16
1052,oxygen,2,2,84,29
1053,controlled,2,2,83,39
1054,buying,2,2,81,21
1055,involves,2,2,80,38
1056,urban,2,2,79,39
1057,positioned,2,2,78,43
1058,fields,2,2,77,35
1059,utilized,2,2,77,35
1060,loop,2,2,75,23
1061,stop,2,2,73,41
1062,turkey,2,2,73,22
1063,grew,2,2,70,26
1064,cars,2,2,69,31
1065,assembly,2,2,66,20
1066,milestones,2,2,65,29
1067,supplying,2,2,58,27
1068,planting,2,2,58,27
1069,anticipated,2,2,57,27
1070,automation,2,2,56,28
1071,pledged,2,2,56,28
1072,preferred,2,2,55,29
1073,colombia,2,2,49,16
1074,basin,2,2,48,24
1075,totaling,2,2,47,20
1076,output,2,2,46,29
1077,equipped,2,2,46,29
1078,equivalents,2,2,46,20
1079,worth,2,2,44,30
1080,automated,2,2,42,22
1081,mechanical,2,2,41,24
1082,thus,2,2,40,33
1083,partially,2,2,40,23
1084,preserving,2,2,40,21
1085,deliveries,2,2,40,20
1086,incremental,2,2,38,23
1087,accomplished,2,2,38,23
1088,turbines,2,2,38,17
1089,exceeding,2,2,37,22
1090,earlier,2,2,36,25
1091,minutes,2,2,36,17
1092,spanning,2,2,35,20
1093,dry,2,2,34,31
1094,intends,2,2,33,19
1095,cessation,2,2,33,8
1096,sbts,2,2,33,7
1097,harness,2,2,32,28
1098,phased,2,2,32,17
1099,island,2,2,31,40
1100,wetlands,2,2,29,13
1101,feasibility,2,2,28,17
1102,offsetting,2,2,28,16
1103,cutting,2,2,27,39
1104,doubled,2,2,27,17
1105,solvents,2,2,27,10
1106,denmark,2,2,26,11
1107,contributor,2,2,25,32
1108,proceeds,2,2,24,18
1109,ventilation,2,2,23,13
1110,removals,2,2,22,10
1111,abatement,2,2,22,8
1112,coating,2,2,21,13
1113,compressed,2,2,20,15
1114,puget,2,2,17,6
1115,retirements,2,2,16,5
1116,decreases,2,2,15,13
1117,replacements,2,2,15,13
1118,petrochemical,2,2,14,11
1119,unavoidable,2,2,14,8
1120,smrs,2,2,14,4
1121,wheel,2,2,13,21
1122,cook,2,2,13,21
1123,finland,2,2,13,9
1124,permanently,2,2,12,9
1125,deals,2,2,11,10
1126,unveiled,2,2,11,10
1127,unbundled,2,2,10,6
1128,announcements,2,2,9,6
1129,grasslands,2,2,9,5
1130,bengaluru,2,2,8,6
1131,intensitya,2,2,4,2
1132,equinor,2,2,4,2
1133,gated,2,2,3,52
1134,scotwind,2,2,2,1
1135,assurance,2,1,739,52
1136,monitoring,2,1,465,59
1137,depot,2,1,403,10
1138,objectives,2,1,390,57
1139,regional,2,1,344,53
1140,governments,2,1,299,53
1141,necessary,2,1,284,59
1142,considered,2,1,259,53
1143,models,2,1,244,47
1144,prologis,2,1,242,1
1145,newmont,2,1,228,2
1146,prioritize,2,1,205,56
1147,types,2,1,203,47
1148,covers,2,1,167,55
1149,cotton,2,1,166,9
1150,organic,2,1,153,33
1151,decarbonize,2,1,146,33
1152,brought,2,1,111,45
1153,newly,2,1,110,39
1154,hundreds,2,1,100,41
1155,estate,2,1,89,50
1156,bottling,2,1,85,1
1157,florida,2,1,84,23
1158,depending,2,1,80,37
1159,mcdonald,2,1,73,3
1160,illnesses,2,1,68,26
1161,blue,2,1,66,36
1162,restaurants,2,1,66,10
1163,intention,2,1,65,40
1164,upgrades,2,1,52,19
1165,backup,2,1,52,19
1166,executing,2,1,51,28
1167,sufficient,2,1,50,36
1168,locomotive,2,1,48,4
1169,indexed,2,1,45,6
1170,traffic,2,1,42,40
1171,conserving,2,1,42,17
1172,norway,2,1,38,14
1173,michigan,2,1,37,11
1174,jointly,2,1,31,23
1175,xbox,2,1,30,1
1176,fixtures,2,1,29,13
1177,northern,2,1,28,14
1178,acid,2,1,27,18
1179,reflective,2,1,26,13
1180,transported,2,1,22,16
1181,cast,2,1,19,52
1182,announcing,2,1,19,13
1183,saves,2,1,18,13
1184,aberdeen,2,1,18,3
1185,equipping,2,1,17,13
1186,commute,2,1,17,12
1187,shadow,2,1,17,8
1188,nextgen,2,1,16,6
1189,complements,2,1,15,13
1190,faa,2,1,15,5
1191,appalachian,2,1,14,2
1192,loading,2,1,12,13
1193,player,2,1,11,14
1194,biomethane,2,1,11,3
1195,suzhou,2,1,10,4
1196,additions,2,1,9,6
1197,gse,2,1,9,4
1198,missouri,2,1,9,3
1199,hills,2,1,8,5
1200,airbus,2,1,8,3
1201,levy,2,1,8,3
1202,plug,2,1,7,13
1203,depleted,2,1,7,6
1204,surpassing,2,1,7,4
1205,insetting,2,1,7,1
1206,hvo,2,1,5,5
1207,bare,2,1,5,5
1208,petrochemicals,2,1,5,4
1209,elizabeth,2,1,5,4
1210,antwerp,2,1,5,1
1211,electrolyzer,2,1,4,4
1212,aramis,2,1,4,2
1213,chyulu,2,1,4,1
1214,lightsource,2,1,4,1
1215,biorefinery,2,1,4,1
1216,gms,2,1,4,1
1217,gelsenkirchen,2,1,3,1
1218,flywheel,2,1,2,2
1219,lulucf,2,1,2,1
1220,biochar,2,1,2,1
1221,trolley,2,1,1,2
1222,cppas,2,1,1,1
1223,windpower,2,1,1,1
1224,ponderosa,2,1,1,1
1225,bonsai,2,1,1,1
1226,tion,1,63,19,66
1227,ri,1,62,16,66
1228,sions,1,62,15,66
1229,ble,1,60,3,66
1230,ac,1,59,13,66
1231,ts,1,58,32,66
1232,ca,1,57,46,66
1233,ly,1,49,4,66
1234,tricity,1,47,6,65
1235,ratio,1,46,142,66
1236,un,1,45,358,66
1237,ore,1,43,16,66
1238,act,1,40,403,66
1239,gen,1,35,21,66
1240,cy,1,34,5,66
1241,get,1,32,268,66
1242,ice,1,27,81,66
1243,app,1,26,68,66
1244,eu,1,24,134,65
1245,mately,1,19,2,62
1246,sent,1,18,133,65
1247,long,1,17,323,66
1248,main,1,17,119,65
1249,house,1,17,59,66
1250,custom,1,17,23,65
1251,cant,1,14,14,66
1252,pany,1,13,2,66
1253,ucts,1,12,4,64
1254,grow,1,11,383,64
1255,sets,1,11,177,63
1256,row,1,11,73,64
1257,ppa,1,11,21,42
1258,ball,1,11,4,60
1259,oy,1,11,1,66
1260,complete,1,10,325,64
1261,contract,1,10,224,62
1262,wide,1,10,203,64
1263,stand,1,10,67,65
1264,supplier,1,9,1881,65
1265,ability,1,9,459,66
1266,remain,1,9,283,65
1267,come,1,9,251,64
1268,station,1,9,76,54
1269,gains,1,9,24,63
1270,form,1,8,619,66
1271,location,1,8,335,63
1272,ida,1,8,29,63
1273,asu,1,8,24,65
1274,emit,1,8,13,33
1275,tonne,1,8,9,17
1276,rack,1,8,5,63
1277,offer,1,7,492,63
1278,launch,1,7,284,62
1279,nation,1,7,68,65
1280,covid,1,7,53,59
1281,rent,1,7,8,66
1282,convent,1,7,3,39
1283,take,1,6,660,65
1284,follow,1,6,174,66
1285,replace,1,6,85,50
1286,ngo,1,6,53,61
1287,lands,1,6,32,55
1288,respect,1,5,504,64
1289,back,1,5,319,64
1290,method,1,5,211,63
1291,test,1,5,186,65
1292,epa,1,5,183,64
1293,short,1,5,168,62
1294,going,1,5,164,60
1295,placement,1,5,25,43
1296,acre,1,5,24,31
1297,rice,1,5,5,47
1298,many,1,4,1088,65
1299,protect,1,4,646,63
1300,consumer,1,4,616,56
1301,commercial,1,4,491,54
1302,rates,1,4,320,63
1303,align,1,4,316,65
1304,close,1,4,198,64
1305,put,1,4,189,63
1306,secure,1,4,189,48
1307,gap,1,4,188,50
1308,point,1,4,171,62
1309,option,1,4,136,62
1310,exceed,1,4,120,56
1311,done,1,4,113,49
1312,sea,1,4,84,62
1313,link,1,4,77,59
1314,mine,1,4,74,62
1315,mile,1,4,68,56
1316,bar,1,4,62,58
1317,placed,1,4,44,42
1318,older,1,4,36,65
1319,attribute,1,4,27,40
1320,rain,1,4,20,64
1321,shore,1,4,10,17
1322,table,1,3,503,64
1323,volume,1,3,432,49
1324,found,1,3,392,65
1325,chemical,1,3,379,49
1326,bring,1,3,374,61
1327,uses,1,3,357,64
1328,consider,1,3,192,65
1329,collect,1,3,190,64
1330,particular,1,3,189,58
1331,application,1,3,184,51
1332,commission,1,3,182,59
1333,provider,1,3,140,60
1334,virgin,1,3,135,31
1335,effect,1,3,116,65
1336,decision,1,3,112,62
1337,train,1,3,109,63
1338,quarter,1,3,108,63
1339,river,1,3,104,56
1340,anticipate,1,3,92,53
1341,meaning,1,3,79,59
1342,milestone,1,3,72,40
1343,sd,1,3,53,59
1344,fast,1,3,52,54
1345,referred,1,3,52,46
1346,operator,1,3,52,33
1347,western,1,3,46,29
1348,frame,1,3,44,64
1349,complement,1,3,36,40
1350,haul,1,3,35,28
1351,owns,1,3,22,51
1352,announcement,1,3,21,18
1353,sun,1,3,20,36
1354,wet,1,3,20,22
1355,venting,1,3,14,42
1356,volt,1,3,1,19
1357,innovation,1,2,1488,64
1358,group,1,2,965,65
1359,independent,1,2,679,62
1360,role,1,2,669,65
1361,stakeholder,1,2,633,64
1362,strengthen,1,2,407,59
1363,accelerate,1,2,375,58
1364,collective,1,2,365,61
1365,tracking,1,2,345,49
1366,keep,1,2,340,57
1367,leader,1,2,336,65
1368,mitigate,1,2,317,56
1369,recent,1,2,315,65
1370,last,1,2,310,65
1371,campaign,1,2,301,57
1372,play,1,2,284,62
1373,receive,1,2,279,62
1374,select,1,2,236,64
1375,martin,1,2,234,19
1376,determine,1,2,229,59
1377,initial,1,2,194,55
1378,contribution,1,2,193,59
1379,view,1,2,188,66
1380,earth,1,2,167,50
1381,manufacture,1,2,156,54
1382,maximize,1,2,143,44
1383,combustion,1,2,141,36
1384,calculate,1,2,139,57
1385,proportion,1,2,136,38
1386,mobility,1,2,133,33
1387,pollution,1,2,132,36
1388,final,1,2,129,50
1389,class,1,2,127,61
1390,cumulative,1,2,122,33
1391,run,1,2,121,56
1392,retirement,1,2,115,38
1393,venture,1,2,113,37
1394,flow,1,2,111,49
1395,treated,1,2,104,39
1396,turn,1,2,103,62
1397,forestry,1,2,92,28
1398,fall,1,2,82,47
1399,liquid,1,2,81,37
1400,concept,1,2,76,45
1401,hard,1,2,71,54
1402,operators,1,2,55,22
1403,kenya,1,2,52,17
1404,elected,1,2,49,55
1405,intent,1,2,47,50
1406,dependent,1,2,44,63
1407,moves,1,2,44,29
1408,ultimate,1,2,42,48
1409,shop,1,2,40,53
1410,boost,1,2,40,35
1411,motor,1,2,40,25
1412,converse,1,2,40,3
1413,firm,1,2,39,52
1414,warehouse,1,2,38,31
1415,expense,1,2,34,41
1416,enhancement,1,2,28,30
1417,pending,1,2,27,54
1418,server,1,2,27,14
1419,backed,1,2,26,21
1420,signing,1,2,23,46
1421,chip,1,2,21,18
1422,tenant,1,2,21,9
1423,hydrocarbon,1,2,20,9
1424,hydroelectric,1,2,20,9
1425,conditioning,1,2,18,16
1426,file,1,2,14,59
1427,emitting,1,2,14,18
1428,commissioning,1,2,12,20
1429,propel,1,2,10,15
1430,tj,1,2,10,3
1431,bad,1,2,8,22
1432,sequestered,1,2,8,7
1433,halve,1,2,7,6
1434,tariff,1,2,6,10
1435,ky,1,2,5,45
1436,thirds,1,2,3,15
1437,eor,1,2,2,39
1438,motive,1,2,1,19
1439,donald,1,2,1,4
1440,safety,1,1,4502,63
1441,esg,1,1,3965,62
1442,social,1,1,2945,65
1443,risks,1,1,2798,65
1444,diversity,1,1,2445,65
1445,compliance,1,1,2121,63
1446,access,1,1,2035,64
1447,engagement,1,1,2027,65
1448,appendix,1,1,1895,26
1449,equity,1,1,1841,59
1450,future,1,1,1832,65
1451,financial,1,1,1688,66
1452,introduction,1,1,1490,41
1453,committee,1,1,1475,62
1454,stakeholders,1,1,1407,64
1455,policies,1,1,1361,65
1456,impacts,1,1,1339,65
1457,may,1,1,1290,63
1458,international,1,1,1268,63
1459,organizations,1,1,1235,62
1460,principles,1,1,1161,63
1461,metrics,1,1,1112,60
1462,statement,1,1,1085,63
1463,leaders,1,1,1056,64
1464,businesses,1,1,1030,65
1465,critical,1,1,999,62
1466,external,1,1,997,63
1467,pages,1,1,951,46
1468,challenges,1,1,917,63
1469,recycling,1,1,900,58
1470,teams,1,1,855,61
1471,senior,1,1,840,63
1472,plastic,1,1,840,50
1473,relevant,1,1,802,60
1474,groups,1,1,762,62
1475,section,1,1,734,62
1476,helping,1,1,718,64
1477,protection,1,1,694,62
1478,expectations,1,1,689,61
1479,making,1,1,679,64
1480,pmi,1,1,666,3
1481,general,1,1,655,58
1482,content,1,1,654,63
1483,cdp,1,1,654,53
1484,integrated,1,1,650,57
1485,cocoa,1,1,618,3
1486,circular,1,1,610,45
1487,council,1,1,593,57
1488,promote,1,1,585,60
1489,creating,1,1,572,60
1490,must,1,1,567,59
1491,brands,1,1,549,49
1492,stewardship,1,1,532,52
1493,contributions,1,1,525,56
1494,retail,1,1,525,39
1495,boeing,1,1,521,4
1496,conducted,1,1,514,58
1497,appropriate,1,1,507,60
1498,amgen,1,1,491,1
1499,various,1,1,478,64
1500,capabilities,1,1,470,57
1501,chemicals,1,1,469,40
1502,supports,1,1,464,64
1503,procedures,1,1,463,58
1504,shared,1,1,456,58
1505,expertise,1,1,422,55
1506,components,1,1,421,47
1507,marketing,1,1,419,47
1508,hazardous,1,1,407,45
1509,subject,1,1,403,62
1510,aligned,1,1,399,58
1511,raw,1,1,397,57
1512,protocol,1,1,396,58
1513,list,1,1,390,61
1514,dedicated,1,1,390,55
1515,regarding,1,1,389,61
1516,categories,1,1,389,58
1517,please,1,1,389,57
1518,requires,1,1,384,55
1519,received,1,1,383,60
1520,families,1,1,377,53
1521,summary,1,1,369,40
1522,today,1,1,361,60
1523,outside,1,1,361,58
1524,tool,1,1,352,62
1525,visa,1,1,350,5
1526,excellence,1,1,344,45
1527,interest,1,1,342,61
1528,alignment,1,1,342,52
1529,means,1,1,335,58
1530,living,1,1,335,48
1531,sector,1,1,333,59
1532,reuse,1,1,333,56
1533,emerging,1,1,328,60
1534,calculated,1,1,321,47
1535,guide,1,1,320,63
1536,ahead,1,1,318,50
1537,prevention,1,1,315,51
1538,knowledge,1,1,313,61
1539,collection,1,1,312,50
1540,hub,1,1,307,38
1541,participate,1,1,299,62
1542,partnered,1,1,296,52
1543,sharing,1,1,285,57
1544,force,1,1,280,65
1545,department,1,1,278,55
1546,appendices,1,1,278,6
1547,looking,1,1,277,60
1548,taken,1,1,277,59
1549,examples,1,1,276,54
1550,competitive,1,1,274,58
1551,grants,1,1,274,46
1552,otherwise,1,1,273,57
1553,studies,1,1,273,42
1554,offers,1,1,268,55
1555,exposure,1,1,265,49
1556,reviewed,1,1,260,54
1557,elements,1,1,258,50
1558,law,1,1,257,61
1559,voluntary,1,1,257,50
1560,corporation,1,1,256,57
1561,verification,1,1,256,40
1562,activity,1,1,253,55
1563,walmart,1,1,253,5
1564,alternatives,1,1,252,51
1565,paper,1,1,250,41
1566,resilient,1,1,249,52
1567,joined,1,1,243,54
1568,leave,1,1,241,46
1569,coalition,1,1,241,44
1570,task,1,1,240,61
1571,apply,1,1,236,57
1572,agricultural,1,1,228,28
1573,disclose,1,1,227,61
1574,reflects,1,1,227,56
1575,given,1,1,227,53
1576,status,1,1,226,54
1577,changing,1,1,224,56
1578,series,1,1,224,54
1579,sessions,1,1,224,46
1580,measurement,1,1,224,45
1581,embedding,1,1,224,31
1582,lockheed,1,1,224,4
1583,leveraging,1,1,222,53
1584,impacted,1,1,221,53
1585,collaborate,1,1,220,53
1586,scenarios,1,1,220,45
1587,upon,1,1,219,53
1588,staff,1,1,218,52
1589,party,1,1,217,63
1590,partnering,1,1,217,52
1591,acquisition,1,1,215,54
1592,mechanisms,1,1,215,51
1593,agency,1,1,213,52
1594,input,1,1,211,52
1595,latest,1,1,210,53
1596,selected,1,1,209,51
1597,legacy,1,1,208,33
1598,manufacturers,1,1,206,49
1599,estimates,1,1,205,46
1600,adjusted,1,1,204,40
1601,meters,1,1,199,46
1602,evaluating,1,1,197,55
1603,supplies,1,1,197,49
1604,highly,1,1,196,52
1605,makes,1,1,192,52
1606,profile,1,1,192,51
1607,greatest,1,1,191,52
1608,enhancing,1,1,190,51
1609,minimum,1,1,190,37
1610,race,1,1,189,61
1611,adoption,1,1,188,53
1612,therefore,1,1,188,43
1613,specifically,1,1,184,50
1614,mobile,1,1,184,49
1615,explore,1,1,179,54
1616,offerings,1,1,179,46
1617,broader,1,1,177,50
1618,involved,1,1,177,48
1619,innovations,1,1,177,44
1620,environmentally,1,1,177,44
1621,previously,1,1,175,51
1622,african,1,1,175,43
1623,flexible,1,1,172,44
1624,white,1,1,171,42
1625,traditional,1,1,169,50
1626,objective,1,1,168,61
1627,aws,1,1,168,59
1628,recently,1,1,168,48
1629,conducting,1,1,165,51
1630,wood,1,1,165,35
1631,integration,1,1,164,50
1632,reached,1,1,164,45
1633,determined,1,1,163,44
1634,historical,1,1,160,61
1635,regulators,1,1,160,39
1636,either,1,1,159,50
1637,engineers,1,1,158,36
1638,empowering,1,1,157,40
1639,relating,1,1,156,45
1640,collaborating,1,1,153,42
1641,distributed,1,1,152,46
1642,context,1,1,148,45
1643,warming,1,1,148,42
1644,japan,1,1,148,33
1645,months,1,1,147,46
1646,ambitions,1,1,147,31
1647,ownership,1,1,146,51
1648,yet,1,1,144,48
1649,became,1,1,143,49
1650,quickly,1,1,143,48
1651,prepare,1,1,142,64
1652,known,1,1,142,49
1653,aligns,1,1,142,44
1654,everything,1,1,141,41
1655,figures,1,1,141,30
1656,seven,1,1,140,49
1657,raised,1,1,139,49
1658,whole,1,1,138,39
1659,pursue,1,1,137,56
1660,establishing,1,1,137,49
1661,electronics,1,1,137,24
1662,awarded,1,1,136,45
1663,protected,1,1,136,39
1664,advancement,1,1,135,50
1665,adopted,1,1,135,47
1666,pillars,1,1,135,43
1667,ultimately,1,1,135,41
1668,ventures,1,1,135,30
1669,execution,1,1,133,43
1670,forms,1,1,132,60
1671,farming,1,1,132,20
1672,away,1,1,131,48
1673,seeking,1,1,131,44
1674,freeport,1,1,131,3
1675,soil,1,1,130,37
1676,matching,1,1,130,37
1677,deployed,1,1,128,39
1678,division,1,1,128,27
1679,dairy,1,1,128,10
1680,keeping,1,1,127,45
1681,advantage,1,1,126,52
1682,likely,1,1,125,43
1683,reflected,1,1,125,43
1684,advisory,1,1,125,35
1685,encouraging,1,1,124,46
1686,considerations,1,1,124,42
1687,capability,1,1,124,39
1688,calendar,1,1,124,38
1689,connections,1,1,123,37
1690,york,1,1,123,36
1691,deep,1,1,121,56
1692,spent,1,1,121,41
1693,bottles,1,1,121,17
1694,collectively,1,1,120,43
1695,monthly,1,1,120,39
1696,segment,1,1,120,36
1697,obtained,1,1,120,32
1698,extend,1,1,119,57
1699,typically,1,1,118,42
1700,designing,1,1,118,41
1701,livelihoods,1,1,118,27
1702,demonstrated,1,1,117,43
1703,dollars,1,1,117,39
1704,species,1,1,117,32
1705,things,1,1,116,40
1706,successfully,1,1,115,45
1707,allowed,1,1,115,39
1708,pathway,1,1,114,53
1709,wildlife,1,1,114,37
1710,leased,1,1,113,60
1711,closed,1,1,113,51
1712,aimed,1,1,111,50
1713,addressed,1,1,111,39
1714,weeks,1,1,111,37
1715,transforming,1,1,111,36
1716,campaigns,1,1,111,36
1717,beverages,1,1,111,9
1718,perspective,1,1,108,56
1719,aligning,1,1,108,36
1720,substantial,1,1,106,50
1721,fewer,1,1,105,39
1722,electrification,1,1,105,27
1723,despite,1,1,104,39
1724,earned,1,1,103,49
1725,stronger,1,1,103,38
1726,host,1,1,102,53
1727,accelerated,1,1,102,37
1728,expenditures,1,1,101,36
1729,regenerative,1,1,101,21
1730,choose,1,1,100,40
1731,workshops,1,1,100,40
1732,technological,1,1,100,38
1733,specified,1,1,100,27
1734,discussed,1,1,99,36
1735,amounts,1,1,99,32
1736,electrical,1,1,98,35
1737,involving,1,1,96,39
1738,virtually,1,1,96,36
1739,builds,1,1,95,41
1740,fight,1,1,95,39
1741,faster,1,1,95,34
1742,prices,1,1,95,31
1743,contains,1,1,94,48
1744,speed,1,1,92,41
1745,caused,1,1,92,39
1746,ii,1,1,91,47
1747,aluminum,1,1,91,17
1748,story,1,1,90,51
1749,consists,1,1,90,33
1750,foreign,1,1,90,31
1751,incentives,1,1,90,30
1752,defining,1,1,89,44
1753,iphone,1,1,89,1
1754,funded,1,1,88,41
1755,damage,1,1,88,41
1756,defines,1,1,88,36
1757,payment,1,1,87,40
1758,registered,1,1,87,36
1759,behalf,1,1,87,34
1760,argentina,1,1,87,25
1761,maintains,1,1,86,36
1762,outlines,1,1,86,36
1763,remained,1,1,85,33
1764,notes,1,1,84,31
1765,financing,1,1,84,25
1766,immediate,1,1,83,49
1767,tomorrow,1,1,82,34
1768,replacing,1,1,81,28
1769,compliant,1,1,80,34
1770,transactions,1,1,80,27
1771,inspections,1,1,78,27
1772,scrap,1,1,78,20
1773,improves,1,1,76,42
1774,user,1,1,75,49
1775,wherever,1,1,75,36
1776,smaller,1,1,75,36
1777,demands,1,1,75,35
1778,hardware,1,1,75,20
1779,root,1,1,74,48
1780,optimizing,1,1,74,30
1781,sulfur,1,1,74,25
1782,decarbonizing,1,1,74,19
1783,assigned,1,1,73,27
1784,biomass,1,1,73,22
1785,vietnam,1,1,73,20
1786,returns,1,1,72,31
1787,adjustments,1,1,72,29
1788,independently,1,1,72,28
1789,larger,1,1,71,37
1790,thanks,1,1,71,30
1791,automotive,1,1,71,16
1792,inaugural,1,1,70,33
1793,administrative,1,1,70,30
1794,piloted,1,1,70,25
1795,switzerland,1,1,70,20
1796,hourly,1,1,70,16
1797,unprecedented,1,1,69,33
1798,labs,1,1,68,21
1799,liters,1,1,68,21
1800,pepsico,1,1,68,5
1801,though,1,1,67,60
1802,scaling,1,1,67,28
1803,gasoline,1,1,67,27
1804,quantity,1,1,67,26
1805,heavy,1,1,67,26
1806,irrigation,1,1,67,23
1807,greener,1,1,67,17
1808,acting,1,1,66,56
1809,request,1,1,66,44
1810,calculating,1,1,66,30
1811,evs,1,1,66,14
1812,obligation,1,1,65,53
1813,hurricane,1,1,65,35
1814,containers,1,1,65,23
1815,calls,1,1,64,37
1816,advice,1,1,64,34
1817,shifting,1,1,64,34
1818,interventions,1,1,64,22
1819,trend,1,1,63,56
1820,delivers,1,1,63,30
1821,freight,1,1,63,16
1822,adopting,1,1,62,41
1823,modules,1,1,62,30
1824,laboratory,1,1,62,20
1825,expenses,1,1,61,33
1826,captured,1,1,61,29
1827,rising,1,1,60,43
1828,striving,1,1,60,31
1829,concepts,1,1,60,29
1830,requirement,1,1,59,59
1831,card,1,1,59,50
1832,strengthened,1,1,59,29
1833,novel,1,1,59,17
1834,detection,1,1,58,29
1835,produces,1,1,58,29
1836,converting,1,1,58,28
1837,exceeded,1,1,58,28
1838,machines,1,1,58,19
1839,rail,1,1,57,38
1840,balanced,1,1,57,27
1841,feedstock,1,1,57,18
1842,gigajoules,1,1,57,16
1843,donate,1,1,56,49
1844,limiting,1,1,56,32
1845,protects,1,1,56,27
1846,trading,1,1,56,25
1847,finally,1,1,56,25
1848,carried,1,1,56,23
1849,italy,1,1,56,21
1850,generators,1,1,56,21
1851,aspect,1,1,55,57
1852,manual,1,1,55,25
1853,routine,1,1,54,40
1854,say,1,1,54,36
1855,feasible,1,1,54,29
1856,similarly,1,1,54,28
1857,canadian,1,1,54,21
1858,distributors,1,1,54,19
1859,completing,1,1,53,32
1860,showed,1,1,53,23
1861,poland,1,1,53,22
1862,cold,1,1,53,21
1863,instruments,1,1,53,19
1864,town,1,1,52,39
1865,republic,1,1,52,28
1866,collins,1,1,52,2
1867,publish,1,1,51,62
1868,alaska,1,1,51,28
1869,reliance,1,1,51,27
1870,viable,1,1,51,26
1871,exploration,1,1,51,19
1872,tenants,1,1,51,7
1873,allocation,1,1,50,22
1874,banks,1,1,50,19
1875,furthermore,1,1,49,26
1876,aspiration,1,1,48,38
1877,proposals,1,1,48,28
1878,enhancements,1,1,48,21
1879,pennsylvania,1,1,48,16
1880,indicate,1,1,47,44
1881,unable,1,1,47,29
1882,converted,1,1,47,28
1883,embracing,1,1,47,24
1884,bottle,1,1,47,23
1885,centralized,1,1,47,22
1886,agreed,1,1,47,20
1887,autonomous,1,1,47,17
1888,biogas,1,1,47,12
1889,procedure,1,1,46,58
1890,moved,1,1,46,40
1891,relies,1,1,46,29
1892,magazine,1,1,46,22
1893,situation,1,1,45,43
1894,producer,1,1,45,40
1895,thailand,1,1,45,16
1896,entered,1,1,44,44
1897,excellent,1,1,44,22
1898,entering,1,1,44,22
1899,indiana,1,1,44,11
1900,forefront,1,1,43,31
1901,orders,1,1,43,28
1902,footprints,1,1,43,22
1903,compostable,1,1,43,21
1904,connects,1,1,42,26
1905,stringent,1,1,42,22
1906,comprises,1,1,42,22
1907,median,1,1,42,19
1908,colorado,1,1,42,13
1909,peak,1,1,41,56
1910,excess,1,1,41,30
1911,matched,1,1,41,29
1912,twice,1,1,41,28
1913,pilots,1,1,41,20
1914,sheet,1,1,40,31
1915,strides,1,1,40,24
1916,commonly,1,1,40,23
1917,destination,1,1,40,21
1918,pioneering,1,1,40,21
1919,relatively,1,1,40,17
1920,encompasses,1,1,39,25
1921,adapting,1,1,39,24
1922,sensors,1,1,39,23
1923,concentrate,1,1,39,21
1924,servers,1,1,39,11
1925,normalized,1,1,39,10
1926,promising,1,1,38,27
1927,supportive,1,1,38,23
1928,constraints,1,1,38,21
1929,realized,1,1,38,19
1930,propulsion,1,1,38,8
1931,pratt,1,1,38,2
1932,invite,1,1,37,40
1933,startup,1,1,37,25
1934,diversify,1,1,37,24
1935,harvesting,1,1,37,19
1936,georgia,1,1,37,15
1937,transaction,1,1,36,33
1938,credible,1,1,36,28
1939,limits,1,1,36,22
1940,rainforest,1,1,36,19
1941,marketed,1,1,36,11
1942,whitney,1,1,36,1
1943,proprietary,1,1,35,23
1944,traded,1,1,35,21
1945,optimized,1,1,35,21
1946,leaks,1,1,35,18
1947,diversified,1,1,35,18
1948,geography,1,1,35,15
1949,exit,1,1,34,39
1950,initially,1,1,34,23
1951,physically,1,1,34,21
1952,readily,1,1,34,18
1953,restoring,1,1,34,17
1954,pfcs,1,1,34,14
1955,wireless,1,1,34,9
1956,ecological,1,1,33,24
1957,degradation,1,1,33,22
1958,executed,1,1,33,21
1959,decided,1,1,33,20
1960,fluctuations,1,1,33,19
1961,warehouses,1,1,33,19
1962,maximizing,1,1,33,18
1963,offsite,1,1,33,12
1964,procured,1,1,33,12
1965,upper,1,1,33,11
1966,decommissioning,1,1,33,9
1967,inbound,1,1,33,7
1968,minimal,1,1,32,21
1969,heavily,1,1,32,19
1970,grids,1,1,32,17
1971,stationary,1,1,32,14
1972,shanghai,1,1,32,12
1973,biotechnology,1,1,32,8
1974,onshore,1,1,32,5
1975,aveda,1,1,32,1
1976,ash,1,1,31,56
1977,budget,1,1,31,28
1978,carriers,1,1,31,17
1979,orange,1,1,31,12
1980,utilizes,1,1,30,22
1981,calling,1,1,30,22
1982,sky,1,1,30,21
1983,little,1,1,30,20
1984,bulk,1,1,30,19
1985,flagship,1,1,30,17
1986,santa,1,1,30,13
1987,fugitive,1,1,30,13
1988,amsterdam,1,1,30,11
1989,marked,1,1,29,29
1990,fulfilling,1,1,29,18
1991,processed,1,1,29,18
1992,walls,1,1,29,17
1993,calculator,1,1,29,15
1994,flights,1,1,29,9
1995,uganda,1,1,29,9
1996,book,1,1,28,41
1997,begun,1,1,28,20
1998,cargo,1,1,28,11
1999,agroforestry,1,1,28,8
2000,redesigned,1,1,27,17
2001,varying,1,1,27,17
2002,occupancy,1,1,27,15
2003,scaled,1,1,27,14
2004,timeframe,1,1,27,13
2005,sinks,1,1,27,13
2006,profit,1,1,26,59
2007,linear,1,1,26,18
2008,congo,1,1,26,17
2009,exclusively,1,1,26,16
2010,machinery,1,1,26,15
2011,liquefied,1,1,26,10
2012,divested,1,1,26,9
2013,beneﬁ,1,1,26,3
2014,export,1,1,25,25
2015,seat,1,1,25,24
2016,elsewhere,1,1,25,22
2017,oils,1,1,25,20
2018,groundbreaking,1,1,25,18
2019,preservation,1,1,25,17
2020,parking,1,1,25,15
2021,laptop,1,1,25,10
2022,hydrocarbons,1,1,25,7
2023,comfort,1,1,24,38
2024,vegetable,1,1,24,21
2025,packaged,1,1,24,20
2026,compensate,1,1,24,20
2027,consisting,1,1,24,16
2028,province,1,1,24,16
2029,mandates,1,1,24,14
2030,overarching,1,1,24,13
2031,entertainment,1,1,24,10
2032,scotland,1,1,24,8
2033,btus,1,1,24,5
2034,extra,1,1,23,49
2035,border,1,1,23,25
2036,fueling,1,1,23,16
2037,insulation,1,1,23,15
2038,electrifying,1,1,23,10
2039,football,1,1,23,9
2040,procuring,1,1,22,18
2041,variations,1,1,22,16
2042,dozens,1,1,22,15
2043,choosing,1,1,22,15
2044,complementary,1,1,22,13
2045,prevented,1,1,22,12
2046,levers,1,1,22,10
2047,franchisees,1,1,22,2
2048,emerge,1,1,21,53
2049,remainder,1,1,21,17
2050,acquiring,1,1,21,15
2051,totaled,1,1,21,13
2052,multiyear,1,1,21,12
2053,taiwan,1,1,21,10
2054,mixes,1,1,21,8
2055,meanwhile,1,1,21,8
2056,iucn,1,1,21,7
2057,dutch,1,1,21,5
2058,grasberg,1,1,21,1
2059,reaches,1,1,20,38
2060,route,1,1,20,30
2061,spans,1,1,20,16
2062,engineered,1,1,20,14
2063,pallets,1,1,20,13
2064,empty,1,1,20,13
2065,gulf,1,1,20,13
2066,boilers,1,1,20,12
2067,studio,1,1,20,12
2068,principally,1,1,20,12
2069,motors,1,1,20,12
2070,exterior,1,1,20,8
2071,refineries,1,1,20,5
2072,ncs,1,1,20,4
2073,whq,1,1,20,1
2074,formation,1,1,19,66
2075,roads,1,1,19,22
2076,analyzes,1,1,19,16
2077,captures,1,1,19,15
2078,outlining,1,1,19,14
2079,translates,1,1,19,13
2080,airports,1,1,19,8
2081,dublin,1,1,19,6
2082,dependence,1,1,18,38
2083,worst,1,1,18,20
2084,blended,1,1,18,13
2085,lightweight,1,1,18,12
2086,licensing,1,1,18,12
2087,mitigated,1,1,18,11
2088,england,1,1,18,10
2089,glasgow,1,1,18,10
2090,rpet,1,1,18,10
2091,southwestern,1,1,18,7
2092,priceless,1,1,18,2
2093,clara,1,1,17,36
2094,agent,1,1,17,29
2095,envision,1,1,17,14
2096,modular,1,1,17,13
2097,destruction,1,1,17,12
2098,iraq,1,1,17,5
2099,supercharger,1,1,17,1
2100,oman,1,1,16,38
2101,passed,1,1,16,26
2102,proof,1,1,16,25
2103,fly,1,1,16,15
2104,sampling,1,1,16,15
2105,shutdown,1,1,16,15
2106,constructed,1,1,16,14
2107,burned,1,1,16,11
2108,spanish,1,1,16,11
2109,cumulatively,1,1,16,9
2110,reactors,1,1,16,8
2111,leds,1,1,16,7
2112,bonds,1,1,16,7
2113,electrolysis,1,1,16,6
2114,rotterdam,1,1,16,4
2115,grandpuits,1,1,16,2
2116,retrofit,1,1,15,20
2117,lifting,1,1,15,17
2118,biofuel,1,1,15,15
2119,pieces,1,1,15,12
2120,neighboring,1,1,15,11
2121,smith,1,1,15,11
2122,banking,1,1,15,10
2123,signiﬁ,1,1,15,3
2124,paired,1,1,14,21
2125,actually,1,1,14,16
2126,navigation,1,1,14,8
2127,mountain,1,1,14,8
2128,crude,1,1,14,8
2129,completions,1,1,14,6
2130,reforming,1,1,14,5
2131,haulage,1,1,14,3
2132,bridging,1,1,13,12
2133,yielded,1,1,13,12
2134,leasing,1,1,13,12
2135,achieves,1,1,13,11
2136,prevents,1,1,13,11
2137,annualized,1,1,13,10
2138,avoids,1,1,13,10
2139,commenced,1,1,13,9
2140,traveling,1,1,13,8
2141,memory,1,1,13,8
2142,chargers,1,1,13,8
2143,passive,1,1,13,6
2144,leases,1,1,12,24
2145,density,1,1,12,14
2146,embarked,1,1,12,11
2147,cluster,1,1,12,11
2148,tanks,1,1,12,10
2149,removes,1,1,12,10
2150,consumes,1,1,12,10
2151,impressive,1,1,12,9
2152,greening,1,1,12,9
2153,repurposing,1,1,12,9
2154,vcs,1,1,12,8
2155,electrified,1,1,12,7
2156,nordic,1,1,12,6
2157,vppas,1,1,12,6
2158,intermittent,1,1,12,4
2159,floating,1,1,12,3
2160,mpg,1,1,12,2
2161,cape,1,1,11,51
2162,buyer,1,1,11,26
2163,stood,1,1,11,24
2164,underscore,1,1,11,20
2165,lifespan,1,1,11,9
2166,unites,1,1,11,9
2167,surfaces,1,1,11,9
2168,terrestrial,1,1,11,8
2169,allocating,1,1,11,8
2170,issuance,1,1,11,8
2171,recovering,1,1,11,8
2172,livestock,1,1,11,4
2173,flared,1,1,11,3
2174,dispatchable,1,1,11,2
2175,couple,1,1,10,32
2176,competitor,1,1,10,18
2177,boiler,1,1,10,16
2178,wells,1,1,10,10
2179,chips,1,1,10,10
2180,existence,1,1,10,8
2181,optimizes,1,1,10,8
2182,tariffs,1,1,10,8
2183,unforeseen,1,1,10,7
2184,maritime,1,1,10,6
2185,reservoirs,1,1,10,6
2186,coolers,1,1,10,3
2187,gtf,1,1,10,1
2188,rhode,1,1,10,1
2189,economical,1,1,9,31
2190,floors,1,1,9,9
2191,nevertheless,1,1,9,7
2192,blends,1,1,9,7
2193,mmbtu,1,1,9,5
2194,roofs,1,1,9,5
2195,venezuela,1,1,9,5
2196,engie,1,1,9,5
2197,eacs,1,1,9,4
2198,swedish,1,1,9,3
2199,rider,1,1,9,3
2200,logging,1,1,9,3
2201,fintech,1,1,9,2
2202,absorbed,1,1,9,2
2203,hyco,1,1,9,2
2204,snepco,1,1,9,1
2205,mède,1,1,9,1
2206,assumption,1,1,8,47
2207,technique,1,1,8,39
2208,marginal,1,1,8,23
2209,paving,1,1,8,8
2210,intensified,1,1,8,7
2211,louisville,1,1,8,6
2212,allowances,1,1,8,6
2213,routing,1,1,8,6
2214,farmland,1,1,8,6
2215,rebuilt,1,1,8,6
2216,gaming,1,1,8,5
2217,predecessor,1,1,8,4
2218,hpc,1,1,8,2
2219,liquide,1,1,8,1
2220,ccgt,1,1,8,1
2221,affirm,1,1,7,25
2222,hfc,1,1,7,21
2223,kansas,1,1,7,8
2224,reservoir,1,1,7,8
2225,displacing,1,1,7,7
2226,seconds,1,1,7,5
2227,maturing,1,1,7,5
2228,emits,1,1,7,4
2229,hyderabad,1,1,7,4
2230,drag,1,1,7,3
2231,iceland,1,1,7,3
2232,mangrove,1,1,7,3
2233,harvesters,1,1,7,1
2234,cardholders,1,1,7,1
2235,belt,1,1,6,11
2236,amendment,1,1,6,8
2237,powertrain,1,1,6,6
2238,lamps,1,1,6,6
2239,optimally,1,1,6,6
2240,chillers,1,1,6,6
2241,catchment,1,1,6,5
2242,hydraulic,1,1,6,4
2243,cambridge,1,1,6,4
2244,commensurate,1,1,6,4
2245,bandwidth,1,1,6,3
2246,sunshine,1,1,6,3
2247,adapter,1,1,6,3
2248,ovens,1,1,6,3
2249,loader,1,1,6,2
2250,carboncure,1,1,6,2
2251,oaks,1,1,6,1
2252,orencia,1,1,6,1
2253,europacific,1,1,6,1
2254,fid,1,1,5,58
2255,loaded,1,1,5,17
2256,namely,1,1,5,5
2257,closest,1,1,5,5
2258,proposes,1,1,5,5
2259,boosted,1,1,5,5
2260,forklifts,1,1,5,5
2261,absorption,1,1,5,4
2262,presently,1,1,5,4
2263,endurance,1,1,5,4
2264,amounting,1,1,5,4
2265,hydrotreated,1,1,5,3
2266,diode,1,1,5,3
2267,icao,1,1,5,2
2268,stellantis,1,1,5,2
2269,moissy,1,1,5,1
2270,yunlin,1,1,5,1
2271,shut,1,1,4,21
2272,sink,1,1,4,19
2273,honey,1,1,4,8
2274,shorten,1,1,4,7
2275,martinez,1,1,4,4
2276,contiguous,1,1,4,4
2277,shredded,1,1,4,4
2278,signifying,1,1,4,4
2279,lieu,1,1,4,3
2280,kitchens,1,1,4,3
2281,therms,1,1,4,3
2282,manure,1,1,4,3
2283,greenchill,1,1,4,3
2284,supplementing,1,1,4,3
2285,gigaton,1,1,4,3
2286,configured,1,1,4,2
2287,standby,1,1,4,2
2288,saft,1,1,4,2
2289,otalenergies,1,1,4,2
2290,meantime,1,1,4,2
2291,bpx,1,1,4,1
2292,lindsey,1,1,4,1
2293,hbc,1,1,3,28
2294,kilometer,1,1,3,18
2295,hydrofluorocarbon,1,1,3,13
2296,frontier,1,1,3,8
2297,restart,1,1,3,7
2298,revolutionize,1,1,3,6
2299,neutralize,1,1,3,6
2300,residue,1,1,3,5
2301,commemorate,1,1,3,3
2302,corsia,1,1,3,3
2303,beehives,1,1,3,3
2304,dispatched,1,1,3,3
2305,structurally,1,1,3,3
2306,atop,1,1,3,3
2307,hybrids,1,1,3,2
2308,breda,1,1,3,2
2309,airspace,1,1,3,2
2310,airframe,1,1,3,2
2311,stamping,1,1,3,2
2312,triangle,1,1,3,2
2313,partly,1,1,3,2
2314,morgan,1,1,3,2
2315,maximized,1,1,3,2
2316,guangzhou,1,1,3,2
2317,offtake,1,1,3,1
2318,slag,1,1,3,1
2319,doconomy,1,1,3,1
2320,mangroves,1,1,3,1
2321,penang,1,1,3,1
2322,arthur,1,1,2,17
2323,asics,1,1,2,9
2324,northwestern,1,1,2,3
2325,planes,1,1,2,3
2326,windfarm,1,1,2,3
2327,azul,1,1,2,3
2328,iae,1,1,2,2
2329,absorbing,1,1,2,2
2330,cookstoves,1,1,2,2
2331,nicaragua,1,1,2,2
2332,signaling,1,1,2,2
2333,biophilic,1,1,2,2
2334,proportionally,1,1,2,2
2335,conversely,1,1,2,2
2336,variances,1,1,2,2
2337,azerbaijan,1,1,2,2
2338,peruvian,1,1,2,2
2339,highways,1,1,2,2
2340,norwegian,1,1,2,2
2341,alternating,1,1,2,2
2342,complexes,1,1,2,2
2343,sesto,1,1,2,1
2344,fegersheim,1,1,2,1
2345,alcobendas,1,1,2,1
2346,greenwich,1,1,2,1
2347,cvt,1,1,2,1
2348,icelandic,1,1,2,1
2349,fallon,1,1,2,1
2350,chassis,1,1,2,1
2351,tunnels,1,1,2,1
2352,fpso,1,1,2,1
2353,prelude,1,1,2,1
2354,masshylia,1,1,2,1
2355,fonroche,1,1,2,1
2356,biogaz,1,1,2,1
2357,gabon,1,1,2,1
2358,incent,1,1,1,50
2359,eaten,1,1,1,29
2360,leum,1,1,1,20
2361,musi,1,1,1,10
2362,lax,1,1,1,9
2363,boarded,1,1,1,7
2364,kinetic,1,1,1,6
2365,redevelop,1,1,1,5
2366,preem,1,1,1,4
2367,thirty,1,1,1,4
2368,violet,1,1,1,4
2369,drivetrain,1,1,1,3
2370,mineralization,1,1,1,3
2371,sunny,1,1,1,3
2372,hopeful,1,1,1,3
2373,borehole,1,1,1,3
2374,amazonian,1,1,1,2
2375,omaha,1,1,1,2
2376,orinoco,1,1,1,2
2377,traps,1,1,1,1
2378,bracknell,1,1,1,1
2379,gurgaon,1,1,1,1
2380,gurugram,1,1,1,1
2381,loaders,1,1,1,1
2382,barrera,1,1,1,1
2383,turbofans,1,1,1,1
2384,gtftm,1,1,1,1
2385,carbonpoint,1,1,1,1
2386,dozers,1,1,1,1
2387,centerpiece,1,1,1,1
2388,eneco,1,1,1,1
2389,videoconferencing,1,1,1,1
2390,ecolytiq,1,1,1,1
2391,orca,1,1,1,1
2392,ecm,1,1,1,1
2393,uninterruptible,1,1,1,1
2394,airflow,1,1,1,1
2395,emissionsa,1,1,1,1
2396,improvementsa,1,1,1,1
2397,concurrently,1,1,1,1
2398,roanoke,1,1,1,1
2399,bridgman,1,1,1,1
2400,increments,1,1,1,1
2401,expiring,1,1,1,1
2402,petitioned,1,1,1,1
2403,parklifetm,1,1,1,1
2404,kenyan,1,1,1,1
2405,kwinana,1,1,1,1
2406,norco,1,1,1,1
2407,fredericia,1,1,1,1
2408,empire,1,1,1,1
2409,beacon,1,1,1,1
2410,overhauled,1,1,1,1
2411,emitters,1,1,1,1
2412,humberside,1,1,1,1
2413,routed,1,1,1,1
2414,indonesians,1,1,1,1
2415,hydroelectricity,1,1,1,1
2416,peatlands,1,1,1,1
2417,thornton,1,1,1,1
2418,outfitted,1,1,1,1
2419,iberdrola,1,1,1,1
2420,totalling,1,1,1,1
2421,remodeled,1,1,1,1
2422,kilowatts,1,1,1,1
